;Municípios;Municípios;Municípios;Municípios;Municípios;Municípios;Municípios;Municípios;Municípios;Municípios
;Municípioarrow_upward;UFarrow_upward;Smartline CAT (2012 a 2020)arrow_upward;Variação CAT (2019-2020)arrow_upward;Smartline B91 (2012 a 2020)arrow_upward;Variação B91 (2019-2020)arrow_upward;Smartline B31 (2012 a 2020)arrow_upward;Variação B31 (2019-2020)arrow_upward;Smartline SINAN (2007 a 2020)arrow_upward;Variação SINAN (2019-2020)arrow_upward
0;Salvador;BA;6334  4208;-22,8%;3743  1272;-44,4%;18426  23460;+15,9%;681  637;+6,9%
1;Feira de Santana;BA;957  765;-26,7%;810  203;-57,2%;4430  5097;+5,3%;92  331;-32,2%
2;Camaçari;BA;1138  518;-34,1%;355  137;-51,9%;1513  1795;-1,6%;593  12;-36,8%
3;Juazeiro;BA;418  477;-8,6%;275  76;-51,3%;1489  1872;-1,5%;42  134;-23%
4;Vitória da Conquista;BA;512  413;-25,5%;521  181;-56,3%;2265  3876;+6,3%;126  391;-6%
5;Ilhéus;BA;181  381;+55,5%;135  92;-47,4%;1307  1870;+8,5%;41  52;-61,5%
6;Simões Filho;BA;600  300;-19,8%;173  47;-59,5%;715  766;+6,2%;0  11;-21,4%
7;Lauro de Freitas;BA;484  288;-27,5%;227  86;-37,2%;1257  1426;+2,3%;0  21;+200%
8;Itabuna;BA;246  260;-25,9%;279  108;-46,5%;1639  2177;+2,5%;174  344;-36,5%
9;Santo Antônio de Jesus;BA;95  217;+69,5%;155  17;-73,4%;1166  903;+0,7%;52  292;+71,8%
0;Barreiras;BA;196  214;-2,7%;134  54;-50%;920  1500;+8,9%;72  407;+49,1%
1;Porto Seguro;BA;141  166;+2,5%;174  34;-71,9%;510  782;+1,6%;29  57;-26,9%
2;Teixeira de Freitas;BA;234  162;-11,5%;159  74;-7,5%;1406  1527;+10,7%;239  149;+73,3%
3;Itapetinga;BA;117  159;-35,6%;93  27;-50,9%;1039  747;-17,1%;19  18;-14,3%
4;Luís Eduardo Magalhães;BA;180  157;-15,6%;100  44;-52,2%;437  744;+15,5%;112  32;-42,9%
5;Jequié;BA;174  138;-28,1%;238  58;-62,8%;1196  1498;+9,8%;67  128;-48%
6;Eunápolis;BA;269  134;-2,2%;261  31;-69%;728  833;+10,8%;41  93;-30,6%
7;Alagoinhas;BA;241  132;-32,3%;122  28;-46,2%;775  895;+22,6%;2  146;-6,4%
8;Candeias;BA;173  124;-6,8%;57  22;-60,7%;490  558;+8,3%;4  2;0%
9;Mata de São João;BA;136  119;-32,8%;46  11;-72,5%;320  342;+5,9%;2  1;-50%
0;São Desidério;BA;85  91;+23%;22  10;-16,7%;261  257;-21,9%;5  41;+17,1%
1;Dias d'Ávila;BA;185  78;-40,5%;89  25;-61,5%;450  612;+20,2%;1  0;de 12 para 0
2;São Gonçalo dos Campos;BA;46  61;-20,8%;27  7;-63,2%;248  216;-13,3%;0  5;-77,3%
3;Casa Nova;BA;69  61;+32,6%;38  7;-22,2%;634  353;-20,1%;5  7;-30%
4;Brumado;BA;66  60;-20%;111  33;-60,2%;635  728;-9,7%;7  15;-21,1%
5;Mucuri;BA;114  56;-36,4%;33  13;-53,6%;287  245;-11,6%;8  49;+28,9%
6;Jacobina;BA;132  50;-40,5%;75  14;-53,3%;619  665;-10,3%;8  150;+37,6%
7;São Francisco do Conde;BA;132  49;-10,9%;15  8;-20%;138  126;-6%;0  3;-40%
8;Ubaíra;BA;3  48;+2.300%;15  1;-66,7%;202  107;-34,8%;5  16;+166,7%
9;Irecê;BA;32  47;-17,5%;50  17;-58,5%;382  451;+8,9%;18  67;+4,7%
0;Itamaraju;BA;261  46;-19,3%;130  19;-45,7%;549  458;+6,5%;34  85;-3,4%
1;Pojuca;BA;117  46;-22%;53  6;-33,3%;212  163;-1,2%;6  1;-80%
2;Valença;BA;68  42;-6,7%;97  8;-78,9%;1056  630;-7,5%;14  42;-31,1%
3;Guanambi;BA;62  42;-56,3%;133  23;-80,5%;891  1197;-6,8%;1  74;+29,8%
4;Conceição do Coité;BA;30  42;0%;40  13;-63,9%;392  418;-16,6%;17  153;+75,9%
5;Itaberaba;BA;19  38;-11,6%;22  14;-46,2%;257  313;-20,6%;62  177;-14,5%
6;Santo Estêvão;BA;17  34;+47,8%;21  6;-62,5%;297  244;-32,2%;5  15;+7,1%
7;Correntina;BA;38  34;-8,1%;12  11;-8,3%;171  194;-5,8%;6  28;-50%
8;Serrinha;BA;32  33;+3,1%;54  17;-62,2%;611  476;-9,8%;0  30;-38,8%
9;Catu;BA;63  33;-32,7%;42  14;-39,1%;356  328;+27,1%;11  14;0%
0;Campo Formoso;BA;21  32;+28%;25  10;-52,4%;473  455;-28,9%;10  34;+385,7%
1;Medeiros Neto;BA;21  31;+55%;24  8;-57,9%;140  167;+23,7%;33  157;+196,2%
2;Senhor do Bonfim;BA;29  31;-35,4%;44  18;-62,5%;471  608;-5,6%;4  57;+11,8%
3;Prado;BA;89  31;-22,5%;14  4;-60%;164  147;-2,6%;2  38;+123,5%
4;Formosa do Rio Preto;BA;31  30;+20%;10  0;de 8 para 0;114  149;-23,6%;10  15;+66,7%
5;Jaborandi;BA;25  27;-12,9%;3  2;-66,7%;67  102;-21,5%;13  2;-71,4%
6;Maracás;BA;13  27;-57,1%;12  6;-25%;131  175;-28,6%;15  61;+79,4%
7;Bom Jesus da Lapa;BA;38  26;-16,1%;91  27;-27%;404  525;+4,6%;5  15;0%
8;Caetité;BA;58  25;-41,9%;30  12;-65,7%;529  697;+0,3%;54  2;-60%
9;Camacan;BA;17  25;+31,6%;41  6;-71,4%;116  109;-2,7%;31  30;+114,3%
0;Iraquara;BA;23  24;+4,3%;1  5;-68,8%;219  291;-2%;15  37;+1.750%
1;Floresta Azul;BA;1  24;+300%;3  2;0%;31  21;-19,2%;0  52;+246,7%
2;Entre Rios;BA;57  23;-30,3%;20  2;-86,7%;130  144;-2%;20  20;+150%
3;Riachão das Neves;BA;22  23;+9,5%;5  3;0%;98  92;-8,9%;4  7;-12,5%
4;Nova Viçosa;BA;87  23;-47,7%;21  10;-37,5%;254  200;-24,8%;1  59;+28,3%
5;Jaguarari;BA;34  22;-42,1%;32  6;-57,1%;224  246;-4,7%;0  3;-72,7%
6;São Sebastião do Passé;BA;72  21;-34,4%;38  7;-63,2%;247  234;-5,6%;6  0;sem incidência
7;Conceição do Jacuípe;BA;27  21;-36,4%;21  9;-65,4%;206  313;+15,5%;0  7;+250%
8;Ibirapuã;BA;56  21;-36,4%;13  2;-33,3%;70  70;0%;0  43;+377,8%
9;Paulo Afonso;BA;100  21;-58,8%;87  16;-63,6%;881  853;-5,4%;6  68;+518,2%
0;Seabra;BA;16  21;-25%;28  10;-75%;344  353;-23,4%;17  51;+21,4%
1;Cachoeira;BA;26  20;+5,3%;26  4;-60%;428  182;-44,2%;0  5;0%
2;Cruz das Almas;BA;66  20;-53,5%;57  9;-76,3%;591  560;-10,4%;8  21;-30%
3;Ibicoara;BA;27  19;+11,8%;25  3;-84,2%;120  83;-12,6%;8  13;+8,3%
4;Ipirá;BA;45  19;-9,5%;24  8;-38,5%;262  251;-2,7%;1  8;+700%
5;Santa Cruz Cabrália;BA;22  18;-10%;29  4;-76,5%;85  92;+17,9%;3  7;-22,2%
6;Jaguaquara;BA;8  18;+80%;13  6;-45,5%;149  218;-5,6%;44  38;+5,6%
7;Itabela;BA;24  18;-21,7%;44  8;-46,7%;118  125;+6,8%;0  28;-33,3%
8;Andorinha;BA;20  17;-55,3%;10  7;0%;118  137;-24,3%;0  2;-66,7%
9;Terra Nova;BA;14  17;+21,4%;7  2;-66,7%;46  36;-18,2%;0  46;+4.500%
0;Santo Amaro;BA;34  17;-29,2%;54  9;-65,4%;418  326;+0,6%;3  1;de 0 para 1
1;Amélia Rodrigues;BA;24  16;-23,8%;21  13;-23,5%;192  163;-6,3%;1  5;+400%
2;Água Fria;BA;3  16;+77,8%;3  1;-50%;68  39;-41,8%;0  14;+180%
3;Sobradinho;BA;10  15;+50%;21  8;-11,1%;178  179;-9,6%;0  4;+300%
4;Nazaré;BA;35  14;-36,4%;30  5;-86,1%;508  389;+16,8%;30  20;+5,3%
5;Mutuípe;BA;6  14;0%;35  3;-75%;340  171;-28,7%;5  20;-13%
6;Vera Cruz;BA;13  13;+18,2%;19  5;-64,3%;269  216;-26,3%;0  0;de 1 para 0
7;Caravelas;BA;34  12;+9,1%;27  4;0%;106  122;+3,4%;8  18;-10%
8;Poções;BA;14  12;-40%;39  8;-75%;256  255;-14,1%;2  56;+30,2%
9;Paramirim;BA;4  12;-7,7%;15  2;-60%;279  260;+4%;3  2;-50%
0;Esplanada;BA;24  12;-55,6%;12  2;-50%;78  86;-5,5%;0  27;+350%
1;Urandi;BA;6  12;+50%;12  4;-42,9%;171  198;-17,2%;9  5;-28,6%
2;Cocos;BA;2  12;0%;5  7;-75,9%;105  108;-28,9%;2  3;-25%
3;Barra;BA;7  12;+33,3%;11  1;-80%;219  220;-33,9%;2  3;-84,2%
4;Euclides da Cunha;BA;12  12;+500%;7  4;-55,6%;342  346;-35,1%;1  7;+16,7%
5;Itacaré;BA;4  11;+10%;2  2;-71,4%;55  61;-29,1%;0  1;-50%
6;Santa Maria da Vitória;BA;12  11;-35,3%;19  14;-56,3%;189  286;-16,4%;8  7;-41,7%
7;Castro Alves;BA;12  11;-54,2%;9  4;-20%;202  151;-13,7%;1  17;-15%
8;Inhambupe;BA;18  11;+57,1%;13  3;-25%;120  96;-25%;0  19;+137,5%
9;Sento Sé;BA;9  11;0%;8  1;-87,5%;218  59;-44,3%;11  5;+400%
0;Ruy Barbosa;BA;23  11;-57,7%;11  4;-69,2%;73  155;+28,1%;5  66;+500%
1;Santaluz;BA;23  10;-16,7%;9  4;-55,6%;184  180;-26,2%;0  71;+255%
2;Piatã;BA;3  10;+233,3%;13  0;de 8 para 0;87  95;-26,9%;4  11;+10%
3;Ipiaú;BA;32  10;-23,1%;71  13;-18,8%;324  307;+7,3%;13  67;-35,6%
4;Mucugê;BA;10  10;-33,3%;5  4;0%;80  53;-3,6%;9  16;-5,9%
5;Barrocas;BA;45  10;-50%;7  3;-57,1%;207  88;-39,7%;0  6;-14,3%
6;Livramento de Nossa Senhora;BA;11  9;+50%;48  23;+27,8%;559  572;-14,9%;17  14;-22,2%
7;Pindaí;BA;3  9;+28,6%;5  2;-66,7%;247  301;-11,2%;0  2;-50%
8;Curaçá;BA;9  9;+12,5%;13  3;+200%;229  175;-15,9%;5  1;-50%
9;Governador Mangabeira;BA;11  9;0%;17  1;-85,7%;338  178;-30,7%;3  13;+8,3%
0;Ibotirama;BA;9  9;+28,6%;13  3;-72,7%;149  135;-41,8%;7  28;-20%
1;Iaçu;BA;6  9;+12,5%;5  2;-66,7%;72  119;-15%;7  100;+614,3%
2;Muritiba;BA;11  9;-47,1%;35  4;-69,2%;448  313;+11,4%;1  1;-85,7%
3;Amargosa;BA;33  9;+80%;27  4;-55,6%;351  196;-16,2%;16  44;-38%
4;Buerarema;BA;6  9;+28,6%;13  3;-57,1%;55  79;+1,3%;1  5;-50%
5;Belmonte;BA;20  9;-18,2%;16  0;de 9 para 0;55  52;-21,2%;4  16;0%
6;Itatim;BA;2  9;+28,6%;2  2;de 0 para 2;57  49;-42,4%;0  3;+200%
7;Itarantim;BA;4  9;-30,8%;6  4;-63,6%;49  69;-26,6%;6  4;0%
8;Paratinga;BA;5  9;-10%;23  1;-87,5%;208  151;-6,2%;12  10;+150%
9;Uruçuca;BA;6  8;+60%;14  8;-33,3%;87  119;+35,2%;0  7;+40%
0;Conceição da Feira;BA;4  8;+14,3%;14  1;-90%;194  148;-12,4%;0  17;+112,5%
1;Araci;BA;1  8;+60%;9  3;-70%;178  183;-22,5%;0  24;-29,4%
2;Gentio do Ouro;BA;0  8;+300%;1  0;de 1 para 0;91  77;-10,5%;1  23;+475%
3;Sapeaçu;BA;33  8;+60%;7  2;-66,7%;180  166;+3,8%;0  12;+9,1%
4;Oliveira dos Brejinhos;BA;3  8;+300%;8  2;-75%;92  126;-29,2%;6  1;-66,7%
5;Ribeira do Pombal;BA;11  8;+33,3%;8  9;-10%;198  347;+3%;0  4;+100%
6;Caculé;BA;6  7;-36,4%;10  4;-63,6%;158  246;-5,7%;51  0;sem incidência
7;Palmeiras;BA;4  7;-30%;4  1;-66,7%;58  27;-55%;2  0;sem incidência
8;Cotegipe;BA;6  7;0%;4  0;de 3 para 0;66  70;-4,1%;10  7;-30%
9;Ituberá;BA;25  7;-46,2%;15  4;0%;241  137;-1,4%;1  74;+19,4%
0;Araças;BA;36  7;+40%;10  0;de 2 para 0;41  26;-16,1%;2  2;-33,3%
1;Santa Rita de Cássia;BA;6  7;+16,7%;1  0;de 5 para 0;124  150;-4,5%;10  74;+640%
2;Lajedão;BA;48  7;+600%;2  0;de 2 para 0;30  13;-50%;0  2;-50%
3;Canavieiras;BA;3  7;-22,2%;18  4;-66,7%;146  141;-26,6%;3  10;+25%
4;Capim Grosso;BA;6  7;-41,7%;7  2;-80%;224  273;-15,5%;1  45;+275%
5;Itambé;BA;5  7;-36,4%;13  1;-94,4%;163  142;-20,2%;21  29;+45%
6;Teodoro Sampaio;BA;3  7;+250%;1  2;-33,3%;23  31;-36,7%;0  7;+250%
7;Serra do Ramalho;BA;11  6;-25%;24  12;-52%;186  279;+2,2%;2  2;-33,3%
8;Miguel Calmon;BA;4  6;-25%;23  3;-50%;300  243;-27%;0  13;+30%
9;Encruzilhada;BA;8  6;+20%;5  1;-66,7%;49  76;-16,5%;13  38;+35,7%
0;Ourolândia;BA;4  6;-33,3%;4  4;0%;98  92;-18,6%;3  31;+244,4%
1;Xique-Xique;BA;8  6;-40%;17  1;-88,9%;244  196;-19,7%;6  1;de 0 para 1
2;Itororó;BA;3  6;+50%;8  10;-16,7%;167  120;-20%;17  14;+27,3%
3;Santa Bárbara;BA;5  6;+100%;3  4;-20%;195  153;-19,5%;0  2;-33,3%
4;Madre de Deus;BA;30  6;-53,8%;17  7;-53,3%;99  86;-16,5%;0  3;de 0 para 3
5;Ubaitaba;BA;4  6;+50%;7  1;-75%;76  56;-21,1%;0  5;+66,7%
6;Valente;BA;15  6;-45,5%;20  2;-84,6%;208  148;-30,2%;1  10;-52,4%
7;Gandu;BA;14  6;-57,1%;18  3;-75%;123  143;-5,9%;7  137;+11,4%
8;Una;BA;22  6;-50%;4  6;-53,8%;63  94;+32,4%;0  16;0%
9;Macaúbas;BA;8  6;-14,3%;58  4;-60%;287  361;-32,8%;0  5;+400%
0;Nordestina;BA;2  6;+20%;0  0;de 4 para 0;35  40;-37,5%;0  2;-33,3%
1;Laje;BA;11  6;-64,7%;12  4;-75%;319  148;-25,6%;13  21;-16%
2;Remanso;BA;10  6;+20%;25  0;de 10 para 0;264  195;-15,9%;7  9;+28,6%
3;Ipupiara;BA;0  6;+500%;4  1;-80%;67  38;-44,1%;2  2;-66,7%
4;Ibitiara;BA;6  6;+500%;2  2;-33,3%;80  69;-36,1%;5  7;-12,5%
5;Guaratinga;BA;10  5;-44,4%;19  1;-85,7%;44  48;+33,3%;1  10;-23,1%
6;Barra do Choça;BA;5  5;-50%;25  7;-68,2%;143  201;+3,1%;13  30;+20%
7;Bom Jesus da Serra;BA;0  5;-16,7%;6  3;0%;87  55;-55,3%;0  13;-50%
8;Itagibá;BA;36  5;-16,7%;11  3;0%;65  67;+6,3%;1  5;+66,7%
9;Irará;BA;8  5;0%;5  1;-75%;198  118;-39,5%;11  26;+766,7%
0;Morro do Chapéu;BA;5  5;-50%;12  5;-16,7%;428  326;-7,9%;4  135;+159,6%
1;Potiraguá;BA;1  5;+66,7%;4  3;+200%;26  40;+21,2%;18  13;-40,9%
2;Macajuba;BA;0  5;+150%;0  0;de 1 para 0;30  45;-27,4%;0  0;de 1 para 0
3;Conceição do Almeida;BA;3  5;+400%;6  2;-50%;163  121;+6,1%;0  20;+185,7%
4;Riachão do Jacuípe;BA;13  5;-44,4%;22  4;-73,3%;204  186;-21,8%;0  20;+185,7%
5;Candiba;BA;3  5;+400%;14  3;-40%;206  234;-6,4%;0  2;+100%
6;Planalto;BA;6  5;-44,4%;18  4;-66,7%;108  128;-27,3%;6  6;+20%
7;Cândido Sales;BA;5  5;-16,7%;12  7;+75%;79  90;-32,8%;19  26;+4%
8;Itaparica;BA;11  5;-50%;8  3;-40%;136  91;-5,2%;2  1;0%
9;Iguaí;BA;5  5;-16,7%;5  5;-58,3%;78  65;-24,4%;13  11;-54,2%
0;Itajuípe;BA;5  5;-16,7%;11  3;-76,9%;99  91;-13,3%;4  20;-13%
1;Rio Real;BA;8  5;+66,7%;5  0;de 6 para 0;106  100;-13,8%;9  73;+52,1%
2;Muquém de São Francisco;BA;7  4;+300%;4  1;-50%;74  32;-47,5%;1  15;de 0 para 15
3;São Gabriel;BA;1  4;+300%;8  1;-83,3%;196  117;-27,3%;12  30;+2.900%
4;Souto Soares;BA;5  4;+33,3%;15  5;-61,5%;165  164;-33,1%;0  10;+11,1%
5;Palmas de Monte Alto;BA;3  4;-60%;8  3;-76,9%;179  196;-31,9%;3  30;+87,5%
6;Ibirapitanga;BA;9  4;-42,9%;9  1;-87,5%;79  72;-19,1%;10  58;+241,2%
7;Umburanas;BA;0  4;-20%;3  1;0%;104  55;-24,7%;0  25;de 0 para 25
8;Manoel Vitorino;BA;2  4;+100%;5  2;-33,3%;57  73;-14,1%;0  5;-16,7%
9;Wanderley;BA;0  4;+300%;0  0;sem incidência;39  43;-23,2%;2  0;de 3 para 0
0;Rafael Jambeiro;BA;7  4;0%;12  2;-50%;172  59;-60,4%;0  6;0%
1;Igaporã;BA;3  4;de 0 para 4;13  3;-57,1%;120  132;-25,8%;17  0;sem incidência
2;Mairi;BA;0  4;0%;1  1;-50%;108  99;-38,1%;3  106;+1.225%
3;Brotas de Macaúbas;BA;2  4;de 0 para 4;5  0;de 2 para 0;46  51;-16,4%;0  6;-66,7%
4;Jussari;BA;1  4;+100%;1  0;de 2 para 0;14  10;-9,1%;3  4;-33,3%
5;Retirolândia;BA;5  4;+300%;17  3;-66,7%;196  141;-15,6%;0  2;-83,3%
6;Cristópolis;BA;0  4;+33,3%;1  1;0%;67  71;-12,3%;3  6;+500%
7;Pedro Alexandre;BA;1  4;de 0 para 4;2  1;de 0 para 1;40  36;-34,5%;0  9;+12,5%
8;Carinhanha;BA;5  4;+300%;10  0;de 5 para 0;166  225;-14,1%;0  7;+250%
9;Baianópolis;BA;1  4;+300%;2  3;+50%;89  84;-20%;12  82;+182,8%
0;Planaltino;BA;1  4;+33,3%;5  1;-66,7%;54  67;+48,9%;1  1;de 0 para 1
1;Conde;BA;4  4;-77,8%;4  0;de 4 para 0;37  42;+2,4%;5  1;de 0 para 1
2;Varzedo;BA;1  3;0%;9  0;de 2 para 0;117  69;-31%;0  1;0%
3;Pau Brasil;BA;4  3;-40%;7  1;-75%;36  35;-44,4%;3  9;-43,8%
4;Gavião;BA;2  3;+200%;2  0;de 2 para 0;21  34;+6,3%;0  3;-25%
5;Coaraci;BA;8  3;+50%;15  1;-83,3%;78  72;+4,3%;11  38;+46,2%
6;Brejões;BA;3  3;0%;4  3;0%;52  35;-22,2%;12  5;-75%
7;Itapebi;BA;10  3;-72,7%;18  2;-66,7%;34  17;-29,2%;2  12;-50%
8;Coração de Maria;BA;2  3;+50%;5  4;-71,4%;158  117;-43,2%;0  8;+166,7%
9;Paripiranga;BA;0  3;de 0 para 3;6  2;-33,3%;257  155;-37%;0  3;0%
0;Campo Alegre de Lourdes;BA;6  3;0%;10  0;de 8 para 0;159  125;-10,1%;6  1;-90,9%
1;Buritirama;BA;0  3;+50%;5  2;0%;86  85;-23,4%;0  10;+66,7%
2;Tanhaçu;BA;17  3;-40%;18  3;-72,7%;83  93;-30,1%;6  2;-83,3%
3;Glória;BA;2  3;de 0 para 3;8  1;-50%;106  98;0%;0  13;+160%
4;Itapicuru;BA;1  3;+50%;2  1;0%;45  86;-19,6%;0  78;+1.014,3%
5;Condeúba;BA;5  3;-70%;8  3;-70%;160  99;-24,4%;24  3;0%
6;Ibicaraí;BA;9  3;-25%;10  0;de 11 para 0;74  118;+35,6%;1  8;+33,3%
7;Macarani;BA;5  3;-70%;5  2;-71,4%;133  100;-10,7%;10  9;-43,8%
8;Tucano;BA;5  3;-62,5%;4  3;-25%;253  263;-20,5%;1  4;-60%
9;Jiquiriçá;BA;2  3;0%;14  4;+33,3%;161  104;-18,8%;5  26;+52,9%
0;Antônio Cardoso;BA;3  3;0%;2  2;-60%;105  64;-11,1%;0  1;-66,7%
1;Maragogipe;BA;70  3;0%;100  2;-87,5%;706  324;-31,9%;0  4;+100%
2;Igrapiúna;BA;16  3;-75%;12  4;-60%;131  65;-28,6%;0  33;+1.550%
3;Bonito;BA;1  3;+50%;3  1;0%;130  63;-54,3%;12  61;+96,8%
4;Teofilândia;BA;4  3;+200%;11  3;-75%;232  115;-28,1%;4  6;-14,3%
5;Anagé;BA;1  3;-40%;11  4;0%;71  102;-15%;3  6;-53,8%
6;Itanhém;BA;17  3;-40%;10  3;-70%;90  63;-49,2%;5  5;-37,5%
7;Cícero Dantas;BA;4  3;+50%;6  1;-80%;154  232;-2,1%;1  2;-66,7%
8;Caetanos;BA;4  3;-25%;6  0;de 1 para 0;57  40;-55,6%;3  9;-55%
9;Riacho de Santana;BA;4  3;+200%;7  9;-25%;239  311;+5,8%;5  0;sem incidência
0;Boa Vista do Tupim;BA;2  3;0%;0  1;-50%;44  53;-5,4%;22  37;+428,6%
1;Boninal;BA;5  3;+50%;4  2;-81,8%;65  101;0%;25  26;-33,3%
2;Camamu;BA;7  3;-57,1%;15  5;-50%;204  109;-23,8%;3  22;+144,4%
3;Santa Luzia;BA;0  3;de 0 para 3;7  4;de 0 para 4;30  16;-11,1%;0  7;0%
4;Lajedinho;BA;2  3;+50%;1  0;sem incidência;17  24;-4%;0  9;+80%
5;Biritinga;BA;2  3;de 0 para 3;3  1;-80%;136  62;-44,6%;1  6;+50%
6;Lençóis;BA;3  3;-50%;4  0;de 3 para 0;46  41;-18%;2  1;-80%
7;Pilão Arcado;BA;1  3;-40%;7  1;-75%;150  81;-29,6%;0  1;-83,3%
8;Ibiassucê;BA;16  2;-50%;7  4;-63,6%;113  244;+57,4%;110  0;sem incidência
9;São Domingos;BA;1  2;0%;5  1;-83,3%;105  28;-63,6%;0  13;+160%
0;Nova Soure;BA;1  2;0%;2  0;de 2 para 0;103  75;-46,4%;0  10;+42,9%
1;Santa Inês;BA;0  2;de 0 para 2;2  0;de 3 para 0;18  41;+7,9%;5  6;+20%
2;Caatiba;BA;0  2;-33,3%;5  3;-57,1%;65  39;-38,1%;7  10;+25%
3;Firmino Alves;BA;0  2;-50%;4  1;-85,7%;43  17;-34,6%;0  2;-33,3%
4;Maiquinique;BA;3  2;-71,4%;8  1;-83,3%;31  27;-22,9%;4  2;-60%
5;Gongogi;BA;1  2;0%;2  1;-50%;19  28;-6,7%;0  5;-37,5%
6;Andaraí;BA;2  2;+100%;5  0;de 3 para 0;76  14;-79,1%;21  31;+342,9%
7;Iuiú;BA;4  2;0%;8  1;-80%;81  55;-38,9%;0  3;de 0 para 3
8;Sátiro Dias;BA;1  2;0%;0  0;sem incidência;69  28;-50,9%;0  1;-75%
9;Lapão;BA;2  2;+100%;4  3;-62,5%;213  151;-9%;0  0;de 1 para 0
0;Cansanção;BA;3  2;0%;0  2;-50%;156  146;-44,3%;0  26;-48%
1;Wenceslau Guimarães;BA;7  2;-66,7%;33  2;-83,3%;130  93;-44,6%;0  44;+25,7%
2;Cardeal da Silva;BA;14  2;-75%;1  1;-50%;20  17;-22,7%;0  2;-33,3%
3;Ibirataia;BA;9  2;-33,3%;17  6;0%;83  122;+13%;0  3;-40%
4;São Félix do Coribe;BA;1  2;-75%;5  4;-66,7%;88  154;+1,3%;0  17;+70%
5;Pindobaçu;BA;3  2;-80%;5  1;-83,3%;100  97;-26,5%;0  7;-50%
6;Serrolândia;BA;2  2;0%;5  0;de 2 para 0;109  60;-35,5%;1  33;+560%
7;Canarana;BA;5  2;-33,3%;2  1;-88,9%;242  174;+20,8%;5  22;+450%
8;Santana;BA;5  2;-80%;34  2;-86,7%;169  216;-19,7%;0  7;+600%
9;Barra do Mendes;BA;2  2;de 0 para 2;4  1;-66,7%;97  83;-5,7%;1  34;+277,8%
0;Mascote;BA;6  2;0%;5  1;-66,7%;22  19;+11,8%;0  9;de 0 para 9
1;Itiruçu;BA;2  2;+100%;6  1;0%;50  49;-24,6%;0  21;+5%
2;Brejolândia;BA;3  2;+100%;0  1;-50%;75  63;-34,4%;13  9;+28,6%
3;Queimadas;BA;0  2;-33,3%;8  2;-60%;77  114;-15,6%;0  3;-50%
4;Coribe;BA;2  2;-33,3%;5  4;-55,6%;104  130;-11,6%;1  10;-41,2%
5;Pintadas;BA;1  2;de 0 para 2;0  0;de 2 para 0;66  39;-23,5%;8  22;+2.100%
6;Aracatu;BA;3  2;-50%;9  4;-60%;115  98;-22,2%;2  1;-66,7%
7;Itamari;BA;3  2;de 0 para 2;3  0;de 2 para 0;10  23;-11,5%;0  0;sem incidência
8;Matina;BA;2  2;de 0 para 2;5  1;-66,7%;180  143;-39,9%;4  7;+16,7%
9;Tapiramutá;BA;1  2;de 0 para 2;1  0;de 4 para 0;15  55;-37,5%;3  11;+37,5%
0;Ribeira do Amparo;BA;2  2;-77,8%;0  1;de 0 para 1;78  44;-38%;0  7;0%
1;Cordeiros;BA;1  2;0%;0  1;-87,5%;72  55;-31,3%;8  8;-38,5%
2;Mundo Novo;BA;8  2;+100%;5  0;de 2 para 0;90  52;-34,2%;2  16;+220%
3;Abaré;BA;6  2;0%;4  1;-66,7%;74  92;-1,1%;1  46;+170,6%
4;Monte Santo;BA;0  2;+100%;5  2;-77,8%;317  256;-42,6%;1  9;0%
5;Itagimirim;BA;11  2;-60%;6  2;de 0 para 2;28  19;-29,6%;0  7;+16,7%
6;Serra Preta;BA;8  2;0%;6  1;-50%;64  73;-26,3%;0  0;de 2 para 0
7;Feira da Mata;BA;4  2;de 0 para 2;5  1;-50%;30  33;-15,4%;0  1;0%
8;Guajeru;BA;2  2;+100%;3  1;-83,3%;84  47;-42,7%;19  5;-50%
9;Itanagra;BA;3  2;-50%;2  1;0%;8  6;-60%;0  6;de 0 para 6
0;Morpará;BA;2  1;-50%;1  3;+50%;25  46;-27%;0  6;de 0 para 6
1;Itiúba;BA;4  1;de 0 para 1;12  2;-60%;193  163;-41,2%;4  7;-22,2%
2;Serra Dourada;BA;10  1;de 0 para 1;15  1;0%;109  112;-30,4%;10  6;+200%
3;Fátima;BA;0  1;de 0 para 1;2  0;sem incidência;108  108;-8,5%;0  9;+80%
4;Vereda;BA;2  1;0%;1  1;-50%;32  20;-37,5%;1  27;+1.250%
5;Várzea Nova;BA;2  1;de 0 para 1;7  0;sem incidência;84  74;-37,8%;2  31;+1.450%
6;Presidente Jânio Quadros;BA;2  1;-66,7%;5  1;-75%;78  85;-34,1%;19  13;+550%
7;Baixa Grande;BA;7  1;-75%;7  1;-50%;123  78;-19,6%;0  3;-70%
8;Barro Preto;BA;7  1;0%;3  0;de 2 para 0;21  28;+27,3%;4  15;-16,7%
9;Angical;BA;3  1;0%;5  3;0%;87  110;-1,8%;22  24;+100%
0;Irajuba;BA;1  1;de 0 para 1;1  2;de 0 para 2;32  20;-25,9%;2  2;-33,3%
1;Olindina;BA;1  1;-80%;2  1;-66,7%;73  87;-15,5%;0  2;0%
2;Ibicuí;BA;3  1;-75%;8  4;0%;31  34;-24,4%;11  11;+37,5%
3;Alcobaça;BA;23  1;-87,5%;16  2;-66,7%;94  79;-37,3%;4  7;+250%
4;Ibipeba;BA;1  1;-50%;3  1;-75%;132  112;+1,8%;0  9;+125%
5;Taperoá;BA;2  1;-80%;12  0;de 6 para 0;229  79;-28,2%;0  31;-13,9%
6;Nova Fátima;BA;3  1;-66,7%;2  1;-90%;85  73;-6,4%;3  6;-45,5%
7;Aurelino Leal;BA;6  1;-75%;8  0;de 2 para 0;23  21;-40%;0  14;de 0 para 14
8;São Félix;BA;3  1;-75%;6  1;-85,7%;159  92;-32,4%;9  7;+16,7%
9;Sebastião Laranjeiras;BA;2  1;de 0 para 1;2  3;+200%;74  107;+8,1%;1  8;-50%
0;João Dourado;BA;1  1;0%;3  0;de 3 para 0;120  113;-30,7%;0  22;+4,8%
1;Jandaíra;BA;0  1;de 0 para 1;1  0;sem incidência;24  16;+33,3%;0  12;+1.100%
2;Jacaraci;BA;2  1;de 0 para 1;5  2;0%;134  125;-8,1%;16  0;sem incidência
3;Cairu;BA;3  1;-75%;7  1;-66,7%;109  28;-64,1%;0  13;-35%
4;Rio do Antônio;BA;2  1;de 0 para 1;4  1;-50%;133  105;-31,4%;0  0;sem incidência
5;Presidente Dutra;BA;0  1;0%;6  0;sem incidência;222  101;-22,3%;0  1;0%
6;Lafaiete Coutinho;BA;0  1;de 0 para 1;2  0;de 4 para 0;11  29;+3,6%;3  6;-33,3%
7;Salinas da Margarida;BA;5  1;-75%;5  2;-33,3%;259  63;-23,2%;0  27;+285,7%
8;Pé de Serra;BA;2  1;0%;3  2;-75%;87  88;-10,2%;1  4;-42,9%
9;Ituaçu;BA;15  1;-80%;9  0;de 3 para 0;99  86;-34,8%;15  13;-18,8%
0;Maraú;BA;6  1;-85,7%;3  1;-87,5%;44  54;-10%;0  3;-62,5%
1;Canápolis;BA;8  1;-50%;9  2;-71,4%;86  102;+1%;0  7;-22,2%
2;São José do Jacuípe;BA;0  1;0%;3  0;de 2 para 0;46  60;-48,3%;0  4;de 0 para 4
3;Uauá;BA;9  1;de 0 para 1;6  1;de 0 para 1;224  132;-35,3%;2  8;+100%
4;Arataca;BA;7  1;-50%;3  2;0%;27  17;-5,6%;0  0;sem incidência
5;Jaguaripe;BA;2  1;-66,7%;4  1;-90%;348  108;-41%;0  0;sem incidência
6;Wagner;BA;3  1;-50%;4  0;sem incidência;47  45;-15,1%;7  3;+200%
7;Utinga;BA;2  1;-50%;3  2;-50%;32  58;-32,6%;21  19;de 0 para 19
8;Mirangaba;BA;0  1;0%;4  0;sem incidência;121  51;-47,4%;3  3;de 0 para 3
9;Sítio do Mato;BA;1  1;0%;12  3;-66,7%;59  49;-31,9%;4  4;+33,3%
0;Mortugaba;BA;2  1;-66,7%;3  1;-83,3%;88  112;+20,4%;25  0;sem incidência
1;Cabaceiras do Paraguaçu;BA;1  1;de 0 para 1;3  0;de 3 para 0;193  80;-28,6%;0  39;+225%
2;Piripá;BA;0  1;0%;1  0;de 1 para 0;45  47;-32,9%;11  28;+12%
3;Itaquara;BA;1  1;-50%;3  1;0%;33  31;+10,7%;0  3;0%
4;Uibaí;BA;3  1;de 0 para 1;5  1;-75%;190  66;-10,8%;0  0;de 7 para 0
5;Teolândia;BA;4  1;-50%;23  2;-66,7%;109  74;-34,5%;0  64;-14,7%
6;Boquira;BA;3  1;-50%;24  3;+50%;103  177;-19,5%;0  9;+80%
7;Santanópolis;BA;6  1;0%;2  1;-50%;94  47;-55,2%;0  6;de 0 para 6
8;Jeremoabo;BA;3  1;-50%;7  1;-50%;177  153;-21,9%;1  4;-63,6%
9;Itagi;BA;5  1;0%;7  0;de 1 para 0;33  32;+6,7%;15  15;-31,8%
0;Dom Basílio;BA;3  1;0%;19  5;-37,5%;170  152;-14,6%;4  7;-36,4%
1;Itapitanga;BA;6  1;0%;2  1;-75%;38  10;-44,4%;5  37;+146,7%
2;Marcionílio Souza;BA;3  1;-66,7%;3  0;de 4 para 0;20  21;-41,7%;15  9;-47,1%
3;Capela do Alto Alegre;BA;0  1;de 0 para 1;3  0;de 5 para 0;74  63;-31,5%;2  2;-33,3%
4;Boa Nova;BA;9  1;-75%;8  1;-75%;59  66;-35,3%;0  2;-50%
5;Ibipitanga;BA;5  1;de 0 para 1;10  0;de 1 para 0;63  74;-44,8%;1  5;-83,3%
6;São Miguel das Matas;BA;3  1;-75%;5  0;de 2 para 0;116  41;-47,4%;0  1;-50%
7;Quixabeira;BA;0  1;0%;2  0;sem incidência;62  79;-32,5%;0  13;de 0 para 13
8;Nova Itarana;BA;1  1;de 0 para 1;0  0;de 4 para 0;15  32;+10,3%;5  21;-4,5%
9;Ubatã;BA;5  1;-80%;12  2;-83,3%;53  59;-16,9%;1  4;-81%
0;Jitaúna;BA;4  1;-50%;7  1;-75%;34  40;-29,8%;0  10;+150%
1;Piritiba;BA;2  1;-66,7%;8  3;0%;81  49;-59,2%;1  10;+25%
2;Antônio Gonçalves;BA;0  1;de 0 para 1;2  1;-50%;27  48;-36%;0  2;0%
3;Milagres;BA;2  1;-66,7%;5  0;de 1 para 0;47  56;-8,2%;6  36;+260%
4;Anguera;BA;3  1;de 0 para 1;3  1;0%;33  16;-44,8%;1  7;+75%
5;Nova Canaã;BA;2  1;-66,7%;8  1;0%;76  72;-41%;0  6;-45,5%
6;Ibiquera;BA;0  1;de 0 para 1;0  0;de 1 para 0;8  25;+31,6%;6  0;de 2 para 0
7;Mulungu do Morro;BA;1  1;0%;6  1;-94,1%;129  56;-68,4%;9  19;+280%
8;Tabocas do Brejo Velho;BA;0  1;-66,7%;4  0;de 3 para 0;73  59;-28,9%;4  0;de 5 para 0
9;Rodelas;BA;1  1;de 0 para 1;1  0;sem incidência;39  28;-45,1%;3  44;-52,2%
0;Cafarnaum;BA;4  1;0%;2  1;-50%;229  60;-67,7%;9  15;0%
1;Caturama;BA;0  1;de 0 para 1;4  1;-50%;114  71;-40,8%;0  9;+50%
2;Itaeté;BA;0  1;de 0 para 1;0  2;+100%;20  39;+34,5%;4  8;-11,1%
3;Canudos;BA;1  1;de 0 para 1;3  0;sem incidência;53  60;-13%;3  7;-22,2%
4;Heliópolis;BA;0  1;0%;4  0;sem incidência;97  101;-17,2%;0  0;de 2 para 0
5;Ouriçangas;BA;4  1;-50%;1  0;de 1 para 0;26  29;+3,6%;0  15;+15,4%
6;Candeal;BA;0  1;0%;4  0;de 1 para 0;60  32;-57,9%;1  4;de 0 para 4
7;Rio do Pires;BA;1  0;sem incidência;2  1;de 0 para 1;103  80;-8%;1  0;de 1 para 0
8;Ipecaetá;BA;1  0;de 1 para 0;2  0;de 3 para 0;86  54;-41,3%;1  3;+200%
9;Caraíbas;BA;1  0;de 1 para 0;4  1;-66,7%;33  57;-23%;0  19;+35,7%
0;Almadina;BA;1  0;de 1 para 0;4  0;de 2 para 0;12  12;-20%;0  29;+93,3%
1;Cipó;BA;2  0;de 1 para 0;3  1;-50%;72  66;+6,5%;0  0;de 6 para 0
2;Elísio Medrado;BA;2  0;de 2 para 0;4  1;-50%;92  39;-26,4%;1  15;+87,5%
3;Botuporã;BA;1  0;sem incidência;0  0;de 1 para 0;62  113;+7,6%;24  2;0%
4;Barra da Estiva;BA;7  0;de 8 para 0;19  4;-42,9%;190  133;-34,8%;5  9;-40%
5;Aiquara;BA;0  0;sem incidência;1  1;-50%;13  22;-8,3%;0  0;de 1 para 0
6;Lagoa Real;BA;1  0;de 2 para 0;2  1;-50%;115  171;-9,5%;29  0;de 1 para 0
7;Pedrão;BA;1  0;de 2 para 0;1  0;sem incidência;16  11;-68,6%;0  2;de 0 para 2
8;Central;BA;1  0;de 1 para 0;5  0;de 4 para 0;200  86;-15,7%;0  5;de 0 para 5
9;Itaguaçu da Bahia;BA;1  0;de 2 para 0;2  0;de 1 para 0;59  88;+37,5%;0  2;de 0 para 2
0;Malhada;BA;0  0;de 1 para 0;3  0;de 9 para 0;57  116;-8,7%;4  2;+100%
1;Quijingue;BA;0  0;de 1 para 0;0  2;-50%;118  102;-45,2%;0  5;de 0 para 5
2;Banzaê;BA;1  0;de 1 para 0;2  0;sem incidência;64  66;-25%;1  0;de 1 para 0
3;Belo Campo;BA;3  0;de 2 para 0;2  3;-25%;63  77;-49,7%;9  23;+64,3%
4;Barra do Rocha;BA;5  0;sem incidência;3  2;0%;24  21;-4,5%;0  3;-50%
5;Ribeirão do Largo;BA;0  0;de 1 para 0;4  0;de 4 para 0;46  30;-25%;2  3;-50%
6;Muniz Ferreira;BA;1  0;de 2 para 0;6  0;de 7 para 0;201  90;-27,4%;0  15;+275%
7;Aporá;BA;1  0;de 1 para 0;3  1;de 0 para 1;54  38;-11,6%;0  17;+1.600%
8;Maetinga;BA;2  0;de 2 para 0;3  0;de 2 para 0;43  47;-20,3%;7  3;-57,1%
9;Ponto Novo;BA;5  0;de 1 para 0;4  0;de 6 para 0;73  106;-22,1%;0  6;-70%
0;Jucuruçu;BA;3  0;de 3 para 0;2  3;+50%;35  17;-43,3%;1  13;+18,2%
1;Licínio de Almeida;BA;1  0;de 6 para 0;1  5;-28,6%;114  107;-27,7%;27  0;sem incidência
2;São Felipe;BA;2  0;de 1 para 0;4  1;-80%;187  174;-16,7%;4  23;+666,7%
3;Cravolândia;BA;3  0;de 2 para 0;5  0;de 2 para 0;13  30;-16,7%;4  0;sem incidência
4;Filadélfia;BA;1  0;de 2 para 0;4  0;de 3 para 0;138  125;-24,2%;4  6;+20%
5;Adustina;BA;0  0;de 1 para 0;1  0;de 1 para 0;100  59;-27,2%;0  22;+69,2%
6;Dom Macedo Costa;BA;1  0;sem incidência;1  1;-50%;42  23;-43,9%;0  0;de 2 para 0
7;Várzea da Roça;BA;0  0;de 5 para 0;3  0;de 2 para 0;107  80;-38,5%;0  21;+110%
8;América Dourada;BA;1  0;de 1 para 0;4  1;-50%;170  87;-46%;0  6;-57,1%
9;Iramaia;BA;1  0;de 3 para 0;2  0;sem incidência;37  41;+2,5%;2  0;sem incidência
0;Acajutiba;BA;1  0;de 1 para 0;1  3;0%;24  33;-5,7%;0  12;+1.100%
1;Itapé;BA;0  0;de 2 para 0;3  1;-66,7%;38  29;-25,6%;1  1;0%
2;Novo Triunfo;BA;1  0;sem incidência;0  0;sem incidência;20  42;-6,7%;0  14;+600%
3;São José da Vitória;BA;1  0;de 5 para 0;2  0;de 2 para 0;13  18;+5,9%;0  1;de 0 para 1
4;Nilo Peçanha;BA;0  0;de 1 para 0;5  0;de 2 para 0;114  32;-52,9%;0  1;-88,9%
5;Santa Teresinha;BA;3  0;de 2 para 0;4  0;de 2 para 0;96  47;-37,3%;5  14;+7,7%
6;Nova Ibiá;BA;0  0;sem incidência;1  2;-33,3%;21  35;-18,6%;0  16;+300%
7;Crisópolis;BA;6  0;de 4 para 0;3  2;0%;54  114;-2,6%;0  11;+57,1%
8;Catolândia;BA;1  0;de 1 para 0;0  0;de 2 para 0;23  23;-36,1%;3  3;de 0 para 3
9;Aramari;BA;3  0;de 2 para 0;7  0;de 1 para 0;34  30;+36,4%;0  0;sem incidência
0;Santa Cruz da Vitória;BA;2  0;de 1 para 0;0  0;de 3 para 0;13  9;-18,2%;10  14;-41,7%
1;Tanquinho;BA;2  0;de 1 para 0;3  1;0%;45  33;-36,5%;2  2;-50%
2;Saúde;BA;0  0;de 1 para 0;2  0;de 3 para 0;89  41;-30,5%;5  2;-33,3%
3;Jussiape;BA;3  0;sem incidência;5  2;+100%;66  56;-37,8%;7  9;-10%
4;Saubara;BA;1  0;de 3 para 0;4  0;de 2 para 0;102  66;-30,5%;0  0;de 1 para 0
5;Novo Horizonte;BA;0  0;sem incidência;4  1;-66,7%;63  57;-21,9%;3  0;sem incidência
6;Itaju do Colônia;BA;4  0;sem incidência;7  2;-50%;17  15;-25%;13  5;-28,6%
7;Tanque Novo;BA;9  0;de 3 para 0;1  1;-50%;100  149;-5,7%;1  1;de 0 para 1
8;Ibititá;BA;0  0;de 1 para 0;3  2;-66,7%;215  149;+1,4%;0  1;-75%
9;Santa Brígida;BA;2  0;de 4 para 0;1  1;-50%;55  54;-6,9%;0  0;sem incidência
0;Aratuípe;BA;0  0;sem incidência;4  0;de 5 para 0;170  43;-60,6%;0  6;0%
1;Jussara;BA;1  0;de 1 para 0;1  1;-50%;219  147;+8,1%;0  0;de 1 para 0
2;Presidente Tancredo Neves;BA;1  0;sem incidência;26  1;-80%;336  187;-36,2%;1  26;+13%
3;Mansidão;BA;0  0;de 1 para 0;0  0;sem incidência;26  19;-40,6%;2  0;de 1 para 0
4;Dário Meira;BA;6  0;de 4 para 0;5  1;-50%;28  23;-17,9%;7  16;+6,7%
5;Nova Redenção;BA;1  0;de 2 para 0;0  0;de 1 para 0;15  17;+30,8%;25  4;0%
6;Tremedal;BA;0  0;de 4 para 0;2  1;-66,7%;81  75;-31,8%;0  7;-12,5%
7;Mirante;BA;1  0;de 4 para 0;6  1;-50%;63  67;-30,2%;0  6;-45,5%
8;Caém;BA;1  0;de 2 para 0;3  1;-66,7%;63  38;-43,3%;0  3;+200%
9;Malhada de Pedras;BA;3  0;de 1 para 0;13  5;-54,5%;130  88;+3,5%;6  10;+400%
0;Chorrochó;BA;0  0;de 4 para 0;0  0;sem incidência;47  37;-21,3%;2  6;-25%
1;Sítio do Quinto;BA;0  0;de 1 para 0;1  1;de 0 para 1;56  72;-17,2%;0  2;+100%
2;Piraí do Norte;BA;0  0;sem incidência;3  0;de 3 para 0;31  47;-28,8%;0  1;-66,7%
3;Ichu;BA;1  0;de 1 para 0;4  1;-50%;41  28;-37,8%;2  0;sem incidência
4;Contendas do Sincorá;BA;3  0;de 3 para 0;2  1;0%;23  14;-41,7%;0  12;+200%
5;Macururé;BA;0  0;de 1 para 0;1  0;sem incidência;28  23;-48,9%;0  0;de 4 para 0
6;Apuarema;BA;1  0;sem incidência;2  0;de 1 para 0;33  44;+33,3%;0  8;-42,9%
7;Abaíra;BA;6  0;sem incidência;4  0;de 2 para 0;53  39;-50%;2  5;+25%
8;Barro Alto;BA;0  0;sem incidência;3  1;-80%;154  122;+27,1%;3  3;0%
9;Érico Cardoso;BA;0  0;sem incidência;7  3;de 0 para 3;104  67;-38,5%;0  7;-68,2%
0;Várzea do Poço;BA;1  0;sem incidência;3  1;de 0 para 1;63  62;-12,7%;6  0;sem incidência
1;Lamarão;BA;0  0;sem incidência;1  0;de 3 para 0;22  22;-8,3%;0  8;de 0 para 8
2;Coronel João Sá;BA;0  0;de 2 para 0;1  0;de 1 para 0;51  40;-57,9%;2  6;+500%
3;Lajedo do Tabocal;BA;2  0;sem incidência;3  1;de 0 para 1;34  34;-17,1%;0  25;0%
4;Caldeirão Grande;BA;1  0;de 2 para 0;0  0;sem incidência;39  55;-3,5%;2  50;+614,3%
5;Rio de Contas;BA;3  0;de 4 para 0;12  5;-44,4%;203  130;-30,9%;0  8;-11,1%
6;Antas;BA;0  0;sem incidência;1  0;sem incidência;43  62;0%;1  38;+660%
